{
    "number": 216,
    "title": "DIRECTIONS FOR SOUP WITH PASTES",
    "type": "recipe",
    "yield": "Makes soup using a ratio of approx. 3 oz. (85g) of additions per quart (approx. 1L) of consommé.",
    "introduction": "A general guide for preparing soups with three different types of additions: Italian pastes, thickeners like tapioca, and pearls. The text describes three distinct methods.",
    "ingredients": [
        "Consommé",
        "Salted water for poaching (if needed)",
        {
            "Choice of Addition (approx. 3 oz. per quart)": [
                "Italian Pastes (e.g., Vermicelli)",
                "Thickeners (e.g., Tapioca, sago, salep)",
                "Pearls (e.g., Brazilian, Japanese)"
            ]
        }
    ],
    "instructions": [
        {
            "Method for Italian Pastes": [
                "First, throw the pastes into boiling, salted water.",
                "Leave them to poach for three minutes.",
                "Drain the pastes and cool them.",
                "Complete their cooking in the consommé."
            ]
        },
        {
            "Method for Tapioca, Sago, etc.": [
                "These products need no parboiling.",
                "Sprinkle them directly into the boiling consommé while stirring.",
                "Leave them to cook gently until the soup is quite clear.",
                "The scum should be removed as often as it forms."
            ]
        },
        {
            "Method for Brazilian/Japanese Pearls": [
                "These are used in the same quantities.",
                "They should poach for thirty minutes if required to be very transparent."
            ]
        }
    ],
    "notes": [
        "The parboiling of Italian pastes is necessary in order to get rid of the little agglomerations of flour which adhere to them, and which would otherwise make the consommé cloudy.",
        {
            "Note on Product Quality": [
                "The quality of products like tapioca varies greatly.",
                "It is best to choose the goods of an excellent maker and, in order to avoid surprises, to abide by that choice."
            ]
        },
        "The time allowed for cooking naturally varies, but the absolute transparency of the consommé is an infallible sign of its having been completed."
    ]
}