[
    {
        "term": "Abats",
        "definition": "Stands for such butcher’s supplies as heads, hearts, livers, kidneys, feet, &c."
    },
    {
        "term": "Aiguillettes",
        "see_recipe": "1755"
    },
    {
        "term": "Ailerons",
        "see_recipe": "1583"
    },
    {
        "term": "Amourettes",
        "see_recipe": "1288"
    },
    {
        "term": "Anglaise",
        "definition": "To treat à l’Anglaise, see No. 174."
    },
    {
        "term": "Anglaise",
        "definition": "To cook à l’Anglaise, means to cook plainly in water."
    },
    {
        "term": "Anglaise",
        "definition": "A preparation of beaten eggs, oil and seasoning."
    },
    {
        "term": "Attereaux",
        "see_recipe": "1219"
    },
    {
        "term": "Baba-moulds",
        "definition": "A kind of small deep cylindrical mould, slightly wider at the top than at the bottom."
    },
    {
        "term": "Bain-Marie",
        "definition": "A hot-water bath in which utensils containing various culinary preparations are immersed to keep warm, or for the purpose of poaching or cooking."
    },
    {
        "term": "Barquettes",
        "see_recipe": "314"
    },
    {
        "term": "Biscottes",
        "definition": "A kind of rusks."
    },
    {
        "term": "Blanch, Blanched",
        "see_recipe": "273"
    },
    {
        "term": "Brandade",
        "see_recipe": "1027"
    },
    {
        "term": "Brunoise-fashion",
        "see_term": "Cut"
    },
    {
        "term": "Canapés",
        "see_recipe": "316"
    },
    {
        "term": "Caramel Stage",
        "see_term": "Stages in the Cooking of Sugar"
    },
    {
        "term": "Casserole (En)",
        "see_recipe": "250"
    },
    {
        "term": "Cassolette",
        "definition": "A kind of hot hors-d’œuvre, moulded to the shape of a small drum."
    },
    {
        "term": "Cèpes",
        "definition": "A kind of mushroom (Boletus edulis)."
    },
    {
        "term": "Chartreuse-fashion",
        "see_recipe": "1220"
    },
    {
        "term": "Chiffonade",
        "see_recipe": "215"
    },
    {
        "term": "Chinois",
        "definition": "A very small green candied orange."
    },
    {
        "term": "Chipolata",
        "definition": "A kind of small sausages."
    },
    {
        "term": "Choux",
        "definition": "A kind of cake made from Pâte à Choux, q.v.",
        "see_term": "Pâte à Choux"
    },
    {
        "term": "Cisel, Ciseled",
        "definition": "To cut a vegetable after the manner of a chaff-cutting machine."
    },
    {
        "term": "Clothe, Clothed, Clothing (of moulds)",
        "see_recipe": "916"
    },
    {
        "term": "Cocotte (En)",
        "see_recipe": "250"
    },
    {
        "term": "Concass, Concassed",
        "definition": "To chop roughly."
    },
    {
        "term": "Contise",
        "definition": "To incise a piece of meat at stated intervals, and to insert slices of truffle, or other substance, into each incision."
    },
    {
        "term": "Crépinettes",
        "see_recipe": "1410"
    },
    {
        "term": "Croustade",
        "see_recipe": "2393"
    },
    {
        "term": "Croûtons",
        "definition": "Pieces of bread of various shapes and sizes, fried in butter. In the case of aspic jelly, croûtons stand for variously shaped pieces used in bordering dishes."
    },
    {
        "term": "Cut, Brunoise-fashion",
        "definition": "To cut a product into small dice."
    },
    {
        "term": "Cut, Julienne-fashion",
        "definition": "To cut a product into match-shaped rods."
    },
    {
        "term": "Cut, Paysanne-fashion",
        "definition": "To cut a product into triangles."
    },
    {
        "term": "Dariole-moulds",
        "definition": "Small Baba-moulds, q.v.",
        "see_term": "Baba-moulds"
    },
    {
        "term": "Darne",
        "see_recipe": "784"
    },
    {
        "term": "Daubière",
        "definition": "An earthenware utensil used in the cooking of Daubes."
    },
    {
        "term": "Écarlate (A l’)",
        "definition": "Salted meat is said to be à l’écarlate when it is swathed in a coat of scarlet jelly."
    },
    {
        "term": "Escarole",
        "definition": "Batavia chicory."
    },
    {
        "term": "Feuilletés",
        "definition": "A kind of puffs made from puff-paste."
    },
    {
        "term": "Flute (French, soup)",
        "definition": "A long crisp roll of bread."
    },
    {
        "term": "Fondue",
        "definition": "(1) a cheese preparation; (2) a pulpy state to which such vegetables as tomatoes, sorrel, &c., are reduced by cooking."
    },
    {
        "term": "Fumet",
        "definition": "A kind of essence extracted from fish, game, &c."
    },
    {
        "term": "Galette",
        "definition": "A large quoit, made from puff-paste or short-paste, &c."
    },
    {
        "term": "Gaufrette",
        "definition": "A special wafer."
    },
    {
        "term": "Génoise",
        "see_recipe": "2376"
    },
    {
        "term": "Gild, Gilding, Gilded",
        "definition": "(1) to cover an object with beaten eggs, by means of a brush; (2) to give a golden sheen to objects by means of heat."
    },
    {
        "term": "Gratin, Gratined",
        "see_recipe": "268 to 272 inclusive"
    },
    {
        "term": "Hatelet",
        "definition": "An ornamental skewer; the word sometimes stands for Attereaux."
    },
    {
        "term": "Julienne, Julienne-fashion",
        "see_term": "Cut"
    },
    {
        "term": "Langoustine",
        "definition": "A small variety of the Spiny Lobster."
    },
    {
        "term": "Large-Ball Stage",
        "see_term": "Stages in the Cooking of Sugar"
    },
    {
        "term": "Large-Crack Stage",
        "see_term": "Stages in the Cooking of Sugar"
    },
    {
        "term": "Large-Thread Stage",
        "see_term": "Stages in the Cooking of Sugar"
    },
    {
        "term": "Macédoine",
        "definition": "A mixture of early-season vegetables or fruit."
    },
    {
        "term": "Madeleine-mould",
        "definition": "A mould in the shape of a narrow scallop-shell."
    },
    {
        "term": "Manied (said of butter)",
        "see_recipe": "151"
    },
    {
        "term": "Marinade",
        "see_recipe": "168"
    },
    {
        "term": "Meringue",
        "see_recipe": "2382"
    },
    {
        "term": "Meringued",
        "definition": "Coated with meringue."
    },
    {
        "term": "Mirepoix",
        "see_recipe": "228"
    },
    {
        "term": "Mise-en-place",
        "definition": "A general name given to those elementary preparations which are constantly resorted to during the various stages of most culinary operations."
    },
    {
        "term": "Morue",
        "definition": "Newfoundland or Iceland salt-cod."
    },
    {
        "term": "Mousses",
        "definition": "A class of light, hot or cold preparations of fish, meat, poultry, game, etc., and sweets, moulded in large moulds in sufficient quantities for several people."
    },
    {
        "term": "Mousselines",
        "definition": "Same as above, but moulded in small quantities at a time, enough for one person."
    },
    {
        "term": "Mousserons",
        "definition": "A kind of mushroom."
    },
    {
        "term": "Nappe Stage",
        "see_recipe": "2955"
    },
    {
        "term": "Orgeat",
        "definition": "A beverage made from syrup and almonds."
    },
    {
        "term": "Oxalis",
        "definition": "A Mexican vegetable, allied to sorrel, of which the roots principally are eaten."
    },
    {
        "term": "Paillettes au Parmesan",
        "see_recipe": "2322"
    },
    {
        "term": "Palmettes",
        "definition": "Palm-shaped pieces of puff-paste, used in decorating."
    },
    {
        "term": "Panés à l’Anglaise, treated à l’Anglaise",
        "see_term": "Anglaise"
    },
    {
        "term": "Pannequets",
        "see_recipe": "2403"
    },
    {
        "term": "Papillote",
        "see_recipe": "1259"
    },
    {
        "term": "Pâte à Choux",
        "see_recipe": "2373"
    },
    {
        "term": "Paupiette",
        "definition": "A strip of chicken, of fish fillet, or other meat, garnished with forcemeat, rolled to resemble a scroll and cooked."
    },
    {
        "term": "Paysanne-fashion",
        "see_term": "Cut"
    },
    {
        "term": "Pluches",
        "definition": "The shreds of chervil, used for soups."
    },
    {
        "term": "Poële, Poëling",
        "see_recipe": "250"
    },
    {
        "term": "Poêle (A la)",
        "see_recipe": "395"
    },
    {
        "term": "Pralin",
        "see_recipe": "2352"
    },
    {
        "term": "Pralined",
        "definition": "Having been treated with Pralin, q.v.",
        "see_term": "Pralin"
    },
    {
        "term": "Printanier (Eng. Vernal)",
        "definition": "A name given to a garnish of early-season vegetables, cut to various shapes."
    },
    {
        "term": "Profiterolles",
        "see_recipe": "218"
    },
    {
        "term": "Râble",
        "definition": "The back of a hare."
    },
    {
        "term": "Ravioli",
        "see_recipe": "2296"
    },
    {
        "term": "Ribbon Stage",
        "see_recipe": "2376"
    },
    {
        "term": "Rissole",
        "definition": "To fry brown."
    },
    {
        "term": "Salpicon",
        "definition": "A compound of various products, cut into dice, and, generally, cohered with sauce or forcemeat."
    },
    {
        "term": "Sauté, Sautéd",
        "definition": "A process of cooking described under No. 251."
    },
    {
        "term": "Sauté",
        "definition": "A qualifying term applied to dishes treated in the way described under No. 251."
    },
    {
        "term": "Savarin-mould",
        "definition": "An even, crown-shaped mould."
    },
    {
        "term": "Small-Ball Stage",
        "see_term": "Stages in the Cooking of Sugar"
    },
    {
        "term": "Small-Crack Stage",
        "see_term": "Stages in the Cooking of Sugar"
    },
    {
        "term": "Small-Thread Stage",
        "see_term": "Stages in the Cooking of Sugar"
    },
    {
        "term": "Soufflé",
        "definition": "Name given to a class of light, hot or cold preparations of fish, meat, poultry, game, etc., and sweets, to which the whites of eggs are usually added if the preparation is served hot, and to which whisked cream is added if the preparation is served cold."
    },
    {
        "term": "Soup-Flute",
        "see_term": "Flute"
    },
    {
        "term": "Stages in the Cooking of Sugar",
        "see_recipe": "2344",
        "sub_terms": [
            "Small-Thread",
            "Large-Thread",
            "Small-Ball",
            "Large-Ball",
            "Small-Crack",
            "Large-Crack",
            "Caramel"
        ]
    },
    {
        "term": "Subrics",
        "see_recipe": "2137"
    },
    {
        "term": "Suprême",
        "definition": "A name given to the fillet of the breast of a fowl. The term has been extended to certain of the best parts of fish, game, etc."
    },
    {
        "term": "Terrine",
        "definition": "A patty."
    },
    {
        "term": "Terrine à Pâté",
        "definition": "A special utensil in which patties are cooked."
    },
    {
        "term": "Tomatéd",
        "definition": "Preparations are said to be tomatéd when they are mixed with enough tomato purée for the shade and flavour of the latter to be distinctly perceptible in them."
    },
    {
        "term": "Vesiga",
        "definition": "The dried spine-marrow of the sturgeon."
    },
    {
        "term": "Zest",
        "definition": "The outermost, coloured, glossy film of the rind of an orange or lemon."
    }
]