{
    "title": "A Digital Guide to Modern Cookery",
    "authors": [
        "A. Escoffier",
        "Digital Edition by [Your Name/Project]"
    ],
    "language": "English",
    "source": {
        "title": "A Guide to Modern Cookery",
        "authors": [
            "A. Escoffier"
        ],
        "edition": "New and Revised Edition",
        "year": 1907,
        "publisher": "William Heinemann",
        "location": "London",
        "url": "https://www.gutenberg.org/ebooks/71395"
    },
    "introduction": [],
    "contents": [
        {
            "part": "I",
            "title": "FUNDAMENTAL ELEMENTS",
            "chapters": [
                {
                    "chapter": "I",
                    "id": "chapter-i",
                    "title": "FONDS DE CUISINE"
                }
            ]
        }
    ],
    "chapters": [
        {
            "chapter": "I",
            "id": "chapter-i",
            "title": "FONDS DE CUISINE",
            "introduction": [
                "Before undertaking the description of the different kinds of dishes whose recipes I purpose giving in this work, it will be necessary to reveal the groundwork whereon these recipes are built. And, although this has already been done again and again, and is wearisome in the extreme, a text-book on cooking that did not include it would be not only incomplete, but in many cases incomprehensible.",
                "Notwithstanding the fact that it is the usual procedure, in culinary matters, to insist upon the importance of the part played by stock, I feel compelled to refer to it at the outset of this work, and to lay even further stress upon what has already been written on the subject.",
                "Indeed, stock is everything in cooking, at least in French cooking. Without it, nothing can be done. If one’s stock is good, what remains of the work is easy; if, on the other hand, it is bad or merely mediocre, it is quite hopeless to expect anything approaching a satisfactory result.",
                "The workman mindful of success, therefore, will naturally direct his attention to the faultless preparation of his stock, and, in order to achieve this result, he will find it necessary not merely to make use of the freshest and finest goods, but also to exercise the most scrupulous care in their preparation, for, in cooking, care is half the battle. Unfortunately, no theories, no formulæ, and no recipes, however well written, can take the place of practical experience in the acquisition of a full knowledge concerning this part of the work—the most important, the most essential, and certainly the most difficult part.",
                "In the matter of stock it is, above all, necessary to have a sufficient quantity of the finest materials at one’s disposal. The master or mistress of a house who stints in this respect thereby deliberately forfeits his or her right to make any remark whatsoever to the chef concerning his work, for, let the talent or merits of the latter be what they may, they are crippled by insufficient or inferior material. It is just as absurd to exact excellent cooking from a chef whom one provides with defective or scanty goods, as to hope to obtain wine from a bottled decoction of logwood."
            ],
            "sections": [
                {
                    "title": "The Principal Kinds of Fonds de Cuisine (Foundation Sauces and Stocks)",
                    "entries": [
                        {
                            "number": 0,
                            "title": "The Principal Kinds of Fonds de Cuisine",
                            "type": "definition",
                            "introduction": "The principal kinds of fonds de cuisine are:",
                            "notes": [
                                {
                                    "Principal Kinds": [
                                        "1. Ordinary and clarified consommés.",
                                        "2. The brown stock or “estouffade,” game stocks, the bases of thickened gravies and of brown sauces.",
                                        "3. White stock, basis of white sauces.",
                                        "4. Fish stock.",
                                        "5. The various essences of poultry, game, fish, &c., the complements of small sauces.",
                                        "6. The various glazes: meat, game, and poultry.",
                                        "7. The basic sauces: Espagnole, Velouté, Béchamel, Tomato, and Hollandaise.",
                                        "8. The savoury jellies or aspics of old-fashioned cooking."
                                    ]
                                },
                                {
                                    "Auxiliary Preparations": [
                                        "To these kinds of stock, which, in short, represent the buttresses of the culinary edifice, must now be added the following preparations, which are, in a measure, the auxiliaries of the above:—",
                                        "1. The roux, the cohering element in sauces.",
                                        "2. The “Mirepoix” and “Matignon” aromatic and flavouring elements.",
                                        "3. The “Court-Bouillon” and the “Blancs.”",
                                        "4. The various stuffings.",
                                        "5. The marinades.",
                                        "6. The various garnishes for soups, for relevés, for entrées, &c. (“Duxelle,” “Duchesse,” “Dauphine,” Pâte à choux, frying batters, various Salpicons, Profiterolles, Royales, Œufs filés, Diablotins, Pastes, &c.)."
                                    ]
                                }
                            ]
                        },
                        {
                            "number": 1,
                            "title": "ORDINARY OR WHITE CONSOMMÉ",
                            "type": "recipe",
                            "yield": "Quantities for making Four Quarts.",
                            "ingredients": [
                                "3 lbs. of shin of beef.",
                                "3 lbs. of lean beef.",
                                "1½ lbs. of fowls’ carcases.",
                                "1 lb. of carrots.",
                                "½ lb. of turnips.",
                                "¾ lb. of leeks and 1 stick of celery.",
                                "¼ lb. of parsnips.",
                                "1 medium-sized onion with a clove stuck in it."
                            ],
                            "instructions": [
                                "Put the meat into a stock-pot of suitable dimensions, after having previously strung it together.",
                                "Add the poultry carcase, five quarts of water, and one-half oz. of grey salt.",
                                "Place the stock-pot on a moderate fire in such a manner that it may not boil too quickly, and remember to stir the meat from time to time.",
                                "Carefully remove the scum as it forms, and occasionally add a little cold water before the boil is reached in order that, the latter being retarded, a complete expulsion of the scum may be effected.",
                                "Then the vegetable garnishing is added. The scum from these is removed as in the previous case, and the edge of the stock-pot should be carefully wiped to the level of the fluid, so as to free it from the deposit which has been formed there.",
                                "The stock-pot is then moved to a corner of the fire where it may continue cooking slowly for four or five hours.",
                                "At the end of this time it should be taken right away from the fire, and, after half a pint of cold water has been added to its contents, it should be left to rest a few minutes with a view to allowing the grease to accumulate on the surface of the liquid, whence it must be carefully removed before the consommé is strained.",
                                "This last operation is effected by means of a very fine strainer, placed on the top of a white tureen (clean and wide), which should then be placed in a draught to hasten the cooling of the consommé.",
                                "The tureen should not on any account be covered, and this more particularly in summer, when rapid cooling is a precautionary measure against fermentation."
                            ],
                            "notes": [
                                {
                                    "Remarks upon the Different Causes which Combine to Influence the Quality of a Consommé": [
                                        "It will be seen that I have not made any mention in the above formula of the meat and the vegetables which have helped to make the consommé, my reason being that it is preferable to remove them from the stock-pot only after the broth has been strained, so as not to run the risk of disturbing the latter.",
                                        "The quality of the meat goes a long way towards settling the quality of the consommé. In order that the latter be perfect, it is essential that the meat used should be that of comparatively old animals whose flesh is well set and rich in flavour.",
                                        "To extract that gelatinous element from bone which produces the mellowness characteristic of all good consommés, it is necessary that the gelatigenous bodies should be cooked for twelve hours at least.",
                                        "I therefore believe that... it would be advisable for the bones to stew at least twelve hours, and this only after they have been well broken up, while the quantity of water used should be so calculated as to suffice exactly for the immersion of the meat that must follow."
                                    ]
                                },
                                {
                                    "The Uses of White Consommé": [
                                        "White consommé is used in the preparation of clarified consommés... It also serves as the liquor for thick soups, poached fowls, &c.",
                                        "It must be limpid, as colourless as possible, and very slightly salted."
                                    ]
                                }
                            ]
                        }
                    ]
                },
                {
                    "title": "Fish Stock",
                    "entries": [
                        {
                            "number": 17,
                            "title": "GAME GLAZE",
                            "type": "recipe",
                            "introduction": "Use the game base (Formula 8), and proceed as for meat glaze (Formula 15).",
                            "ingredients": [],
                            "instructions": []
                        },
                        {
                            "number": 18,
                            "title": "FISH GLAZE",
                            "type": "recipe",
                            "introduction": "This glaze is used less often than the preceding ones. As it is only used to intensify the savour of sauces, it is sufficient for this purpose to prepare a white fish stock (Formula 11), which may be diluted with the stock already prepared, and which may be reduced according to the requirements.",
                            "ingredients": [],
                            "instructions": [],
                            "notes": [
                                "The name of fish fumet or fish essence is given to this preparation; its flavour is more delicate than that of fish glaze, which it replaces with advantage."
                            ]
                        }
                    ]
                }
            ]
        }
    ],
    "menus": [],
    "glossary": [],
    "index": []
}